image_path,identity_id,is_masked,source
data/raw/enrollment/nguyen05102026/25ce3dd3-f44c-425a-b3ec-ad188dccff48.jpg,nguyen05102026,False,enrollment
data/raw/enrollment/nguyen05102026/82de2547-72c1-4335-a525-9aabc4466486.jpg,nguyen05102026,False,enrollment
data/raw/enrollment/nguyen05102026/8aaf28e7-407a-41eb-8030-5102f7e58874.jpg,nguyen05102026,False,enrollment
data/raw/enrollment/nguyen05102026/8bf5c0de-aca5-4f1f-8b2e-1ebaea2814e1.jpg,nguyen05102026,False,enrollment
data/raw/enrollment/nguyen05102026/b83eb8e8-0396-4e52-a4d5-d84b4e925ebb.jpg,nguyen05102026,False,enrollment
data/raw/enrollment/nguyen05102026/c1151a36-64e0-4f98-84bd-8013226245e9.jpg,nguyen05102026,False,enrollment
data/raw/enrollment/nguyen05102026/da127496-2608-4a41-9c37-c2d904141111.jpg,nguyen05102026,False,enrollment
data/raw/enrollment/nguyen05102026/e769a16e-2ccb-4f27-9d34-6ad1ed9b815c.jpg,nguyen05102026,False,enrollment
data/processed/masktheface/enrollment/nguyen05102026/cloth_25ce3dd3-f44c-425a-b3ec-ad188dccff48_cloth.jpg,nguyen05102026,True,enrollment_masktheface
data/processed/masktheface/enrollment/nguyen05102026/cloth_82de2547-72c1-4335-a525-9aabc4466486_cloth.jpg,nguyen05102026,True,enrollment_masktheface
data/processed/masktheface/enrollment/nguyen05102026/cloth_8aaf28e7-407a-41eb-8030-5102f7e58874_cloth.jpg,nguyen05102026,True,enrollment_masktheface
data/processed/masktheface/enrollment/nguyen05102026/cloth_8bf5c0de-aca5-4f1f-8b2e-1ebaea2814e1_cloth.jpg,nguyen05102026,True,enrollment_masktheface
data/processed/masktheface/enrollment/nguyen05102026/cloth_b83eb8e8-0396-4e52-a4d5-d84b4e925ebb_cloth.jpg,nguyen05102026,True,enrollment_masktheface
data/processed/masktheface/enrollment/nguyen05102026/N95_25ce3dd3-f44c-425a-b3ec-ad188dccff48_N95.jpg,nguyen05102026,True,enrollment_masktheface
data/processed/masktheface/enrollment/nguyen05102026/N95_82de2547-72c1-4335-a525-9aabc4466486_N95.jpg,nguyen05102026,True,enrollment_masktheface
data/processed/masktheface/enrollment/nguyen05102026/N95_8aaf28e7-407a-41eb-8030-5102f7e58874_N95.jpg,nguyen05102026,True,enrollment_masktheface
data/processed/masktheface/enrollment/nguyen05102026/N95_8bf5c0de-aca5-4f1f-8b2e-1ebaea2814e1_N95.jpg,nguyen05102026,True,enrollment_masktheface
data/processed/masktheface/enrollment/nguyen05102026/N95_b83eb8e8-0396-4e52-a4d5-d84b4e925ebb_N95.jpg,nguyen05102026,True,enrollment_masktheface
data/processed/masktheface/enrollment/nguyen05102026/surgical_25ce3dd3-f44c-425a-b3ec-ad188dccff48_surgical.jpg,nguyen05102026,True,enrollment_masktheface
data/processed/masktheface/enrollment/nguyen05102026/surgical_82de2547-72c1-4335-a525-9aabc4466486_surgical.jpg,nguyen05102026,True,enrollment_masktheface
data/processed/masktheface/enrollment/nguyen05102026/surgical_8aaf28e7-407a-41eb-8030-5102f7e58874_surgical.jpg,nguyen05102026,True,enrollment_masktheface
data/processed/masktheface/enrollment/nguyen05102026/surgical_8bf5c0de-aca5-4f1f-8b2e-1ebaea2814e1_surgical.jpg,nguyen05102026,True,enrollment_masktheface
data/processed/masktheface/enrollment/nguyen05102026/surgical_b83eb8e8-0396-4e52-a4d5-d84b4e925ebb_surgical.jpg,nguyen05102026,True,enrollment_masktheface
